PRODUCT TITLE,PRODUCT DESCRIPTION,COLOR,SIZE,MATERIAL,TEXT_CONTENT
Halo-Halo Keychain,"Miniature halo-halo dessert keychain made from clay and resin, featuring a clear plastic cup filled with detailed molded ingredients. The contents include crushed ice, purple ube, yellow leche flan, and assorted colored layers representing traditional halo-halo toppings. Available in two variations: with lid and without lid. Each cup is securely attached to a metal keyring, suitable for use as a charm on bags, keys, or lanyards.","Transparent, Multi-Colored",SMALL,"Clay, Resin",halo halo keychain miniature halo halo dessert keychain made from clay and resin featuring a clear plastic cup filled with detailed molded ingredients the contents include crushed ice purple ube yellow leche flan and assorted colored layers representing traditional halo halo toppings available in two variations with lid and without lid each cup is securely attached to a metal keyring suitable for use as a charm on bags keys or lanyards transparent multi colored small clay resin
Filipino Funny Magnets,"A set of novelty refrigerator magnets featuring humorous and culturally iconic Filipino phrases in Tagalog, each paired with playful cartoon-style illustrations. The designs include references to everyday Filipino expressions, food items, and popular sayings such as “May mumu dyan,” “Bawal umihi dito,” and “Filipino time.” Each magnet is square-shaped and compact, ideal for decorating refrigerators, lockers, or magnetic boards. Sold as a themed set or individually, these magnets celebrate Filipino humor and nostalgia through bold visuals and witty text.",Multi-Colored,2 x 2 in,Vinyl-Coated Magnetic Sheet,filipino funny magnets a set of novelty refrigerator magnets featuring humorous and culturally iconic filipino phrases in tagalog each paired with playful cartoon style illustrations the designs include references to everyday filipino expressions food items and popular sayings such as may mumu dyan bawal umihi dito and filipino time each magnet is square shaped and compact ideal for decorating refrigerators lockers or magnetic boards sold as a themed set or individually these magnets celebrate filipino humor and nostalgia through bold visuals and witty text multi colored 2 x 2 in vinyl coated magnetic sheet
"Filipino Snacks Parody Stickers (Skyflakes, Susmaryosep, Potchi)","A set of Filipino parody snack stickers inspired by iconic local brands. Each sticker features a humorous twist on familiar packaging: “Susmaryosep” mimics Skyflakes crackers with a euphemistic exclamation, while “Potcha” parodies Potchi gummies with a playful take on Filipino slang. Printed in full color with hand-drawn designs, these stickers celebrate Filipino humor and pop culture. They are waterproof, matte-finished, and designed to be durable and easy to apply on laptops, water bottles, notebooks, and more.",Multi-Colored,SUSMARYOSEP: 3.5 IN x 2 IN AND POTCHA: 3.25 IN x 1.75 IN,Vinyl Sticker (Matte Finish),filipino snacks parody stickers skyflakes susmaryosep potchi a set of filipino parody snack stickers inspired by iconic local brands each sticker features a humorous twist on familiar packaging susmaryosep mimics skyflakes crackers with a euphemistic exclamation while potcha parodies potchi gummies with a playful take on filipino slang printed in full color with hand drawn designs these stickers celebrate filipino humor and pop culture they are waterproof matte finished and designed to be durable and easy to apply on laptops water bottles notebooks and more multi colored susmaryosep 3 5 in x 2 in and potcha 3 25 in x 1 75 in vinyl sticker matte finish
Philippine-Inspired Monogram Keychain,"A 2-in tall handmade keychain featuring a monogram letter design inspired by the Philippine flag. The front showcases the iconic three stars and sun motif in yellow, set against a backdrop of blue and red. The reverse side is decorated with red and blue glitter. Each piece is crafted from resin with embedded sticker elements and metal findings, made in a smoke-free, pet-free household in suburban Dallas.","Red, Blue, Yellow",2 IN,"Resin, Sticker, Glitter, Metal Findings",philippine inspired monogram keychain a 2 in tall handmade keychain featuring a monogram letter design inspired by the philippine flag the front showcases the iconic three stars and sun motif in yellow set against a backdrop of blue and red the reverse side is decorated with red and blue glitter each piece is crafted from resin with embedded sticker elements and metal findings made in a smoke free pet free household in suburban dallas red blue yellow 2 in resin sticker glitter metal findings
Filipino Dessert Drink Stickers: Taho and Iskrambol,"A pair of illustrated stickers inspired by iconic Filipino street drinks-Taho and Iskrambol. Each sticker features a playful, hand-drawn design: Taho showcases a silken tofu cup with syrup and sago, commonly sold in the mornings, while Iskrambol depicts a colorful iced dessert topped with chocolate syrup, milk, marshmallows, and sprinkles, popular in the afternoons. Printed on waterproof vinyl with a matte finish, these stickers are ideal for party decor, personal accessories, or cultural-themed gifts. handmade in a smoke-free, pet-free space in Dallas, Texas",Multi-Colored,APPRO x . 3 IN x 2.3 IN,Vinyl Sticker (Matte Finish),filipino dessert drink stickers taho and iskrambol a pair of illustrated stickers inspired by iconic filipino street drinks taho and iskrambol each sticker features a playful hand drawn design taho showcases a silken tofu cup with syrup and sago commonly sold in the mornings while iskrambol depicts a colorful iced dessert topped with chocolate syrup milk marshmallows and sprinkles popular in the afternoons printed on waterproof vinyl with a matte finish these stickers are ideal for party decor personal accessories or cultural themed gifts handmade in a smoke free pet free space in dallas texas multi colored appro x 3 in x 2 3 in vinyl sticker matte finish
Wala Akong Pake! - Filipino Plastic Bag Sticker (STK-PKE-001),"A waterproof vinyl sticker designed as a playful parody of the classic “Thank You” plastic grocery bag, featuring a smiling orange face and the Tagalog phrase “Wala akong pake” (“I don’t care”). This hand-drawn design adds a humorous Filipino twist to a familiar everyday item, making it ideal for party decor, personal accessories, or cultural-themed gifts. Crafted with a matte finish for a smooth texture and easy application.",White With Orange-Black Accents,APPRO x . 3 IN x 2.75 IN,Vinyl Sticker (Matte Finish),wala akong pake filipino plastic bag sticker stk pke 001 a waterproof vinyl sticker designed as a playful parody of the classic thank you plastic grocery bag featuring a smiling orange face and the tagalog phrase wala akong pake i don t care this hand drawn design adds a humorous filipino twist to a familiar everyday item making it ideal for party decor personal accessories or cultural themed gifts crafted with a matte finish for a smooth texture and easy application white with orange black accents appro x 3 in x 2 75 in vinyl sticker matte finish
"I'm Not Late, I'm on Filipino Time! - Funny Filipino Sticker","A 3-in vinyl sticker featuring a hand-drawn wristwatch with the Philippine flag on the strap and the phrase “I’m not late, I’m on Filipino time.” This design humorously captures a well-known cultural quirk-Filipino gatherings often start later than scheduled, making this sticker a playful nod to shared experiences. Printed with a matte finish, it’s waterproof and easy to apply, ideal for party decor, journals, laptops, or cultural-themed gifts.",Multi-Colored,3 x 3 IN,Vinyl Sticker (Matte Finish),i m not late i m on filipino time funny filipino sticker a 3 in vinyl sticker featuring a hand drawn wristwatch with the philippine flag on the strap and the phrase i m not late i m on filipino time this design humorously captures a well known cultural quirk filipino gatherings often start later than scheduled making this sticker a playful nod to shared experiences printed with a matte finish it s waterproof and easy to apply ideal for party decor journals laptops or cultural themed gifts multi colored 3 x 3 in vinyl sticker matte finish
Isaw (Chicken Gizzard) - Philippine Street Food Sticker,"A 3-in vinyl sticker featuring a cartoon-style illustration of Isaw, a beloved Filipino street food made from grilled chicken intestines or gizzards, often skewered and served with vinegar dip. The design captures the iconic look of the kabob-style snack, making it a fun and culturally rich addition to party decor, journals, laptops, or food-themed collections. Printed with a matte finish, this sticker is waterproof, repositionable, and handmade in a smoke-free, pet-free space in Dallas, Texas.",Brown,3 x 3 IN,Vinyl Sticker (Matte Finish),isaw chicken gizzard philippine street food sticker a 3 in vinyl sticker featuring a cartoon style illustration of isaw a beloved filipino street food made from grilled chicken intestines or gizzards often skewered and served with vinegar dip the design captures the iconic look of the kabob style snack making it a fun and culturally rich addition to party decor journals laptops or food themed collections printed with a matte finish this sticker is waterproof repositionable and handmade in a smoke free pet free space in dallas texas brown 3 x 3 in vinyl sticker matte finish
Baguio-Inspired Barrel Man: A Wood Carved Sticker Souvenir,"A 4-in vinyl sticker inspired by the iconic Barrel Man wood-carved souvenir from Baguio City, Philippines. This cheeky design pays tribute to a beloved piece of Filipino kitsch, known for its humorous reveal and playful cultural symbolism. Featuring a cartoon-style illustration, the sticker is printed with a matte finish, making it waterproof, repositionable, and ideal for party decor, journals, laptops, or novelty collections. handmade in a smoke-free, pet-free space in Dallas, Texas.",Multi-Colored,4 IN x 3 IN,Vinyl Sticker (Matte Finish),baguio inspired barrel man a wood carved sticker souvenir a 4 in vinyl sticker inspired by the iconic barrel man wood carved souvenir from baguio city philippines this cheeky design pays tribute to a beloved piece of filipino kitsch known for its humorous reveal and playful cultural symbolism featuring a cartoon style illustration the sticker is printed with a matte finish making it waterproof repositionable and ideal for party decor journals laptops or novelty collections handmade in a smoke free pet free space in dallas texas multi colored 4 in x 3 in vinyl sticker matte finish
Laban Lang! - Motivational Sticker Tag,"A 4-in vinyl sticker featuring a pop-up window graphic with the Tagalog phrase “Laban Lang!”-a motivational expression meaning “Keep fighting on.” Designed with a holographic finish, this sticker adds a reflective shine to its minimalist layout, making it ideal for journals, laptops, water bottles, or party decor. Printed with durable ink on waterproof vinyl, it’s repositionable and handmade in a smoke-free, pet-free space in Dallas, Texas.",Black/Yellow,APPRO x . 4 IN x 1.25 IN,"Vinyl, Ink",laban lang motivational sticker tag a 4 in vinyl sticker featuring a pop up window graphic with the tagalog phrase laban lang a motivational expression meaning keep fighting on designed with a holographic finish this sticker adds a reflective shine to its minimalist layout making it ideal for journals laptops water bottles or party decor printed with durable ink on waterproof vinyl it s repositionable and handmade in a smoke free pet free space in dallas texas black yellow appro x 4 in x 1 25 in vinyl ink
Bilo-Bilo: Filipino Dessert Keychain (KCH-BLO-001),"A handcrafted keychain inspired by Bilo-Bilo, a traditional Filipino dessert known for its colorful mix of crushed ice, milk, ube, nata de coco, langka, mochi, sago, and sweet potatoes. This miniature replica is made from resin, polymer clay, foam, beads, and a metal keychain ring, capturing the layered textures and vibrant ingredients of the real dessert. Designed as a decorative charm, it’s ideal for cultural-themed accessories, gifts, or collectibles. keychain only-not edible.",Multi-Colored,APPRO x . 2 IN TALL,"Resin, Polymer Clay, Foam, Beads, Metal Keychain Ring",bilo bilo filipino dessert keychain kch blo 001 a handcrafted keychain inspired by bilo bilo a traditional filipino dessert known for its colorful mix of crushed ice milk ube nata de coco langka mochi sago and sweet potatoes this miniature replica is made from resin polymer clay foam beads and a metal keychain ring capturing the layered textures and vibrant ingredients of the real dessert designed as a decorative charm it s ideal for cultural themed accessories gifts or collectibles keychain only not edible multi colored appro x 2 in tall resin polymer clay foam beads metal keychain ring
Adulting Awards in Filipino Sticker Tags,"A collection of vinyl stickers designed as colorful award ribbons featuring humorous Filipino phrases that celebrate everyday adult wins. Each sticker showcases a playful Tagalog message such as “Hindi Gumastos Today!”, “Naligo Ako Today!”, and “Wow, Galing!”, printed in bold text on ribbon-style graphics. These stickers are waterproof, holographic, and repositionable-perfect for planners, laptops, party decor, or gifting.",Multi-Colored,APPRO x . 4 IN x 2 IN,"Vinyl, Ink",adulting awards in filipino sticker tags a collection of vinyl stickers designed as colorful award ribbons featuring humorous filipino phrases that celebrate everyday adult wins each sticker showcases a playful tagalog message such as hindi gumastos today naligo ako today and wow galing printed in bold text on ribbon style graphics these stickers are waterproof holographic and repositionable perfect for planners laptops party decor or gifting multi colored appro x 4 in x 2 in vinyl ink
"Ay Nako, Girl! - Filipino Hugot Lines Sticker (STK-AYN-001)","A 3-in vinyl sticker featuring the bold Tagalog phrase “Ay nako, girl!”-a playful Filipino expression synonymous with “OMG, girl!” The design showcases black cursive text over a gradient background of pink, orange, and yellow, framed by a white border. This sticker captures the sass and humor of everyday Filipino conversations, making it perfect for party decor, journals, laptops, or cultural-themed gifts.",Multi-Colored,3 IN x 2 IN,"Vinyl, Ink",ay nako girl filipino hugot lines sticker stk ayn 001 a 3 in vinyl sticker featuring the bold tagalog phrase ay nako girl a playful filipino expression synonymous with omg girl the design showcases black cursive text over a gradient background of pink orange and yellow framed by a white border this sticker captures the sass and humor of everyday filipino conversations making it perfect for party decor journals laptops or cultural themed gifts multi colored 3 in x 2 in vinyl ink
Fruit Salad: Filipino Dessert Keychain (KCH-FRS-001),"A handcrafted keychain inspired by Fruit Salad, a classic Filipino dessert known for its colorful mix of fruits and sweet ingredients. This miniature replica features a dessert bowl crafted from resin, polymer clay, foam, and beads, representing elements like cherries, jackfruit, coconut, nata de coco, kaong, sago, jellies, ube, and milk. The charm is securely attached to a metal keychain ring and designed as a decorative accessory. keychain only-not edible.",Multi-Colored,APPRO x . 2 IN TALL,"Resin, Polymer Clay, Foam, Beads, Metal Keychain Ring",fruit salad filipino dessert keychain kch frs 001 a handcrafted keychain inspired by fruit salad a classic filipino dessert known for its colorful mix of fruits and sweet ingredients this miniature replica features a dessert bowl crafted from resin polymer clay foam and beads representing elements like cherries jackfruit coconut nata de coco kaong sago jellies ube and milk the charm is securely attached to a metal keychain ring and designed as a decorative accessory keychain only not edible multi colored appro x 2 in tall resin polymer clay foam beads metal keychain ring
Buko Pandan: Filipino Dessert Keychain (KCH-BKP-001),"A handcrafted keychain inspired by Buko Pandan, a beloved Filipino dessert known for its creamy texture and vibrant green jelly pieces. This miniature replica features a dessert cup crafted from resin, polymer clay, foam, and beads, representing ingredients like milk, pandan extract, nata de coco, sago, kaong, and assorted jellies. The charm is securely attached to a metal keychain ring and designed as a decorative accessory. keychain only-not edible.",Multi-Colored,APPRO x . 2 IN TALL,"Resin, Polymer Clay, Foam, Beads, Metal Keychain Ring",buko pandan filipino dessert keychain kch bkp 001 a handcrafted keychain inspired by buko pandan a beloved filipino dessert known for its creamy texture and vibrant green jelly pieces this miniature replica features a dessert cup crafted from resin polymer clay foam and beads representing ingredients like milk pandan extract nata de coco sago kaong and assorted jellies the charm is securely attached to a metal keychain ring and designed as a decorative accessory keychain only not edible multi colored appro x 2 in tall resin polymer clay foam beads metal keychain ring
Fruit Salad: Filipino Life Size Dessert Cup Décor (FGN-FRS-001),"A realistic fake food art of a classic Filipino dessert, the fruit salad. Made with upcycle from glass from the thrift store, handmade parts, and resin. This can be a decorative piece for your house, dessert shop, office, or anywhere really!",Multi-Colored,Unidentified,"Resin, Polymer Clay, Foam, Beads",fruit salad filipino life size dessert cup d cor fgn frs 001 a realistic fake food art of a classic filipino dessert the fruit salad made with upcycle from glass from the thrift store handmade parts and resin this can be a decorative piece for your house dessert shop office or anywhere really multi colored unidentified resin polymer clay foam beads
Buko Pandan: Filipino Life Size Dessert Cup Décor (FGN-BKP-001),"A realistic fake food art of a classic Filipino dessert, the buko pandan. Made with upcycle from glass from the thrift store, handmade parts, and resin. This can be a decorative piece for your house, dessert shop, office, or anywhere really!",Green,Unidentified,"Resin, Polymer Clay, Foam, Beads",buko pandan filipino life size dessert cup d cor fgn bkp 001 a realistic fake food art of a classic filipino dessert the buko pandan made with upcycle from glass from the thrift store handmade parts and resin this can be a decorative piece for your house dessert shop office or anywhere really green unidentified resin polymer clay foam beads
Iskrambol: Life Size Dessert Cup Décor,"A realistic fake food art of a classic Filipino street food dessert, the Iskrambol. Made with upcycle from glass from the thrift store, handmade parts, and resin. This can be a decorative piece for your house, dessert shop, office, or anywhere really!",Multi-Colored,Unidentified,"Resin, Polymer Clay, Foam, Beads",iskrambol life size dessert cup d cor a realistic fake food art of a classic filipino street food dessert the iskrambol made with upcycle from glass from the thrift store handmade parts and resin this can be a decorative piece for your house dessert shop office or anywhere really multi colored unidentified resin polymer clay foam beads
Kaya mo Yan! - Filipino Motivational Sticker Tag (STK-KMY-001),"A 4-in vinyl sticker featuring the Tagalog phrase “Kaya Mo Yan”-a heartfelt message meaning “You got this.” Designed in a speech bubble format with handwritten-style text, this sticker offers a dose of encouragement rooted in Filipino culture. Ideal for party decor, planners, laptops, or personal accessories, it’s printed with durable ink on waterproof vinyl. handmade in a pet-free, smoke-free suburban Dallas home, it’s a gentle reminder that resilience and support go hand in hand.",Black/White,APPRO x . 4 IN x 1.25 IN,"Vinyl, Ink",kaya mo yan filipino motivational sticker tag stk kmy 001 a 4 in vinyl sticker featuring the tagalog phrase kaya mo yan a heartfelt message meaning you got this designed in a speech bubble format with handwritten style text this sticker offers a dose of encouragement rooted in filipino culture ideal for party decor planners laptops or personal accessories it s printed with durable ink on waterproof vinyl handmade in a pet free smoke free suburban dallas home it s a gentle reminder that resilience and support go hand in hand black white appro x 4 in x 1 25 in vinyl ink
ASTIG!matism - Filipino Sticker Tag (STK-ATG-001),"A 3.25-in vinyl sticker featuring the bold phrase “I put the ASTIG in astigmatism”, blending Filipino humor with eyewear pride. “Astig” is a Tagalog slang term meaning “badass” or “cool,” often associated with rakista (rockers) in early 2000s Filipino pop culture. The design includes stylized text and eyeglasses graphics, making it perfect for party decor, journals, laptops, or gifts for proud bespectacled Pinoys.",Multi-Colored,APPRO x . 3.25 IN x 2 IN,"Vinyl, Ink",astig matism filipino sticker tag stk atg 001 a 3 25 in vinyl sticker featuring the bold phrase i put the astig in astigmatism blending filipino humor with eyewear pride astig is a tagalog slang term meaning badass or cool often associated with rakista rockers in early 2000s filipino pop culture the design includes stylized text and eyeglasses graphics making it perfect for party decor journals laptops or gifts for proud bespectacled pinoys multi colored appro x 3 25 in x 2 in vinyl ink
Filipino Meals Stickers: Silogs,"A collection of vinyl stickers featuring illustrated plates of Silog-a beloved Filipino breakfast combo of garlic fried rice (sinangag), fried egg (itlog), and a choice of savory protein. Each sticker showcases a different silog variant such as Tapsilog (beef tapa), Tocilog (sweet cured pork), Bangsilog (milkfish), Hotsilog (hotdog), Chicksilog (fried chicken), Tinapasilog (smoked fish), Longsilog (Filipino sausage), BBQsilog (barbecue), and Porksilog (pork chop). Printed with a matte finish, these waterproof and repositionable stickers are perfect for party decor, planners, food journals, or cultural-themed gifts.",Multi-Colored,APPRO x . 4 IN x 2 IN,"Vinyl, Ink",filipino meals stickers silogs a collection of vinyl stickers featuring illustrated plates of silog a beloved filipino breakfast combo of garlic fried rice sinangag fried egg itlog and a choice of savory protein each sticker showcases a different silog variant such as tapsilog beef tapa tocilog sweet cured pork bangsilog milkfish hotsilog hotdog chicksilog fried chicken tinapasilog smoked fish longsilog filipino sausage bbqsilog barbecue and porksilog pork chop printed with a matte finish these waterproof and repositionable stickers are perfect for party decor planners food journals or cultural themed gifts multi colored appro x 4 in x 2 in vinyl ink
Pinoy AF! FilipinoPlastic Bag Stickers (STK-PAF-001),"A 2.75-in vinyl sticker designed as a playful homage to the iconic “Thank You” plastic grocery bag, reimagined with a Pinoy AF twist. Featuring bold red and pink text and a gentle “Salamat Po” at the bottom, this sticker celebrates Filipino nostalgia and everyday humor. Perfect for party decor, planners, water bottles, or gifts-especially for those who grew up with a Lola who neatly folded every grocery bag.",White/Red/Pink,2.75 IN x 3 IN,"Vinyl, Ink",pinoy af filipinoplastic bag stickers stk paf 001 a 2 75 in vinyl sticker designed as a playful homage to the iconic thank you plastic grocery bag reimagined with a pinoy af twist featuring bold red and pink text and a gentle salamat po at the bottom this sticker celebrates filipino nostalgia and everyday humor perfect for party decor planners water bottles or gifts especially for those who grew up with a lola who neatly folded every grocery bag white red pink 2 75 in x 3 in vinyl ink
Kayumanggi Filipino Stickers (STK-KGG-001),"A 3-in holographic vinyl sticker featuring the word “Kayumanggi”-a Tagalog term that refers to the rich brown skin tone of many Filipinos. The design repeats the word in various colors and styles, celebrating Filipino identity and pride through vibrant visual language. Printed on waterproof vinyl with a holographic finish, this sticker is ideal for party decor, journals, laptops, or cultural-themed gifts.","Multi-Colored, Holographic Finish",3 IN x 3 IN,"Vinyl, Ink",kayumanggi filipino stickers stk kgg 001 a 3 in holographic vinyl sticker featuring the word kayumanggi a tagalog term that refers to the rich brown skin tone of many filipinos the design repeats the word in various colors and styles celebrating filipino identity and pride through vibrant visual language printed on waterproof vinyl with a holographic finish this sticker is ideal for party decor journals laptops or cultural themed gifts multi colored holographic finish 3 in x 3 in vinyl ink
Hopia Mani Popcorn - Filipino Pride Sticker Tags (STK-HMP-001),"A 3-in vinyl sticker featuring cheerful illustrations of hopia (Chinese pastry), mani (peanuts), and popcorn, each with a cute face and playful personality. The phrase “Hopia, Mani, Popcorn!” is a nostalgic shout heard from street vendors across the Philippines, evoking memories of childhood snacks and local markets. Printed with a matte finish, this sticker is waterproof, repositionable, and ideal for party decor, journals, laptops, or cultural-themed gifts.",Multi-Colored,3 IN x 3 IN,"Vinyl, Ink",hopia mani popcorn filipino pride sticker tags stk hmp 001 a 3 in vinyl sticker featuring cheerful illustrations of hopia chinese pastry mani peanuts and popcorn each with a cute face and playful personality the phrase hopia mani popcorn is a nostalgic shout heard from street vendors across the philippines evoking memories of childhood snacks and local markets printed with a matte finish this sticker is waterproof repositionable and ideal for party decor journals laptops or cultural themed gifts multi colored 3 in x 3 in vinyl ink
Pig-hati: Filipino Lechon Sticker (STK-PHT-001),"A 3-in vinyl sticker featuring a cartoon-style lechon (roast pig) wrapped in banana leaves with a sorrowful expression and the bold word “PIGHATI” above it. In Tagalog, pighati means “grief,” but this design plays on the pun-hati also means “split in half,” making it a humorous take on Filipino food and emotion. Perfect for party decor, journals, laptops, or cultural-themed gifts.",Multi-Colored,3 IN x 3 IN,"Vinyl, Ink",pig hati filipino lechon sticker stk pht 001 a 3 in vinyl sticker featuring a cartoon style lechon roast pig wrapped in banana leaves with a sorrowful expression and the bold word pighati above it in tagalog pighati means grief but this design plays on the pun hati also means split in half making it a humorous take on filipino food and emotion perfect for party decor journals laptops or cultural themed gifts multi colored 3 in x 3 in vinyl ink
Jowa Material: Filipino Kilig Stickers,"3-in vinyl sticker set featuring heart-shaped designs with the Tagalog phrases “Jowa Material” and “Kilig.” These expressions celebrate Filipino romantic slang-“Jowa” refers to a partner, boyfriend, or girlfriend, while “Kilig” captures the swoony, giddy feeling of romantic excitement. With playful typography and vibrant colors, these stickers are perfect for party decor, journals, laptops, or gifting to someone who makes your heart flutter.",Multi-Colored,3 IN x 3 IN,"Vinyl, Ink",jowa material filipino kilig stickers 3 in vinyl sticker set featuring heart shaped designs with the tagalog phrases jowa material and kilig these expressions celebrate filipino romantic slang jowa refers to a partner boyfriend or girlfriend while kilig captures the swoony giddy feeling of romantic excitement with playful typography and vibrant colors these stickers are perfect for party decor journals laptops or gifting to someone who makes your heart flutter multi colored 3 in x 3 in vinyl ink
"Filipino Meal Stickers: Nilaga, Palabok, Adobong Manok","A set of 4x2 in matte vinyl stickers featuring cartoon-style illustrations of classic Filipino dishes-Nilaga (boiled meat and vegetables), Palabok (savory rice noodles with garlic sauce and toppings), and Adobong Manok (soy-vinegar braised chicken). These waterproof and repositionable stickers celebrate Filipino comfort food and are perfect for party decor, journals, laptops, or cultural-themed gifts.",Multi-Colored,4 IN x 2 IN,"Vinyl, Ink",filipino meal stickers nilaga palabok adobong manok a set of 4x2 in matte vinyl stickers featuring cartoon style illustrations of classic filipino dishes nilaga boiled meat and vegetables palabok savory rice noodles with garlic sauce and toppings and adobong manok soy vinegar braised chicken these waterproof and repositionable stickers celebrate filipino comfort food and are perfect for party decor journals laptops or cultural themed gifts multi colored 4 in x 2 in vinyl ink
Halo-Halo Keychain (KCH-HAL-002),"Miniature halo-halo dessert keychain made from clay and resin, featuring a clear plastic cup filled with detailed molded ingredients. The contents include crushed ice, purple ube, yellow leche flan, and assorted colored layers representing traditional halo-halo toppings. Available in two variations: with lid and without lid. Each cup is securely attached to a metal keyring, suitable for use as a charm on bags, keys, or lanyards.","Transparent, Multi-Colored",SMALL,"Resin, Clay",halo halo keychain kch hal 002 miniature halo halo dessert keychain made from clay and resin featuring a clear plastic cup filled with detailed molded ingredients the contents include crushed ice purple ube yellow leche flan and assorted colored layers representing traditional halo halo toppings available in two variations with lid and without lid each cup is securely attached to a metal keyring suitable for use as a charm on bags keys or lanyards transparent multi colored small resin clay
Anti-Valentines: Filipino Hugot Lines Stickers,"A 2.5 × 4 in matte vinyl sticker set featuring three humorous Tagalog designs perfect for Anti-Valentine’s Day: “Mga Luha ng Ex Mo” (The tears of your ex), “Eye Drops ng Katotohanan” (Eye Drops of Reality-guaranteed to help you see they’re playing with your emotions), and “Anti-Marites Spray” (Anti-Gossip Spray). Each fantasy product parody is waterproof, repositionable, and handmade in a smoke-free, pet-free suburban Dallas home. Available individually or as a set, these stickers are ideal for party decor, journals, laptops, or gifting to your heartbreak-surviving bestie.",Multi-Colored,2.5 IN x 4 IN,"Vinyl, Ink",anti valentines filipino hugot lines stickers a 2 5 4 in matte vinyl sticker set featuring three humorous tagalog designs perfect for anti valentine s day mga luha ng ex mo the tears of your ex eye drops ng katotohanan eye drops of reality guaranteed to help you see they re playing with your emotions and anti marites spray anti gossip spray each fantasy product parody is waterproof repositionable and handmade in a smoke free pet free suburban dallas home available individually or as a set these stickers are ideal for party decor journals laptops or gifting to your heartbreak surviving bestie multi colored 2 5 in x 4 in vinyl ink
Halo-halo: Life Size Filipino Dessert Cup Décor (FGN-HAL-001),"A realistic fake food art of a o classic Filipino dessert, the halo halo. Made with upcycle from glass from the thrift store, handmade parts, and resin. This can writhed be a decorative piece for your house, dessert shop, office, or anywhere really! It can also have a paper holder attached so it doubles for function. Also can be a paperweight!",Multi-Colored,Unidentified,"Resin, Polymer Clay, Foam, Beads",halo halo life size filipino dessert cup d cor fgn hal 001 a realistic fake food art of a o classic filipino dessert the halo halo made with upcycle from glass from the thrift store handmade parts and resin this can writhed be a decorative piece for your house dessert shop office or anywhere really it can also have a paper holder attached so it doubles for function also can be a paperweight multi colored unidentified resin polymer clay foam beads
Pancit Palabok: Handmade Filipino Food Magnet (MGN-MLS-001),"A handmade miniature food magnet featuring Palabok, one of the Philippines’ most iconic noodle dishes-crafted from glaze and clay with intricate details like tiny hard-boiled eggs, green onions, and shrimp. This 3D charm celebrates Filipino culinary pride and is perfect for fridge decor, gift-giving, or cultural collections.",Multi-Colored,APPRO x . 2.5 IN diameter,"Clay, Glaze",pancit palabok handmade filipino food magnet mgn mls 001 a handmade miniature food magnet featuring palabok one of the philippines most iconic noodle dishes crafted from glaze and clay with intricate details like tiny hard boiled eggs green onions and shrimp this 3d charm celebrates filipino culinary pride and is perfect for fridge decor gift giving or cultural collections multi colored appro x 2 5 in diameter clay glaze
Philippine-Inspired Earrings,"A pair of handmade dangle earrings inspired by the Philippine flag, featuring the iconic three stars and a sun motif. These teardrop-shaped earrings are crafted from resin and glitter, with vibrant blue, red, and yellow accents that evoke national pride and dalagang Pilipina elegance. Lightweight and eye-catching, they’re perfect for cultural events, everyday wear, or gifting to proud Pinays.",Multi-Colored,APPRO x . 2 IN x 1 IN,"Resin, Glitter, Earring Hardware",philippine inspired earrings a pair of handmade dangle earrings inspired by the philippine flag featuring the iconic three stars and a sun motif these teardrop shaped earrings are crafted from resin and glitter with vibrant blue red and yellow accents that evoke national pride and dalagang pilipina elegance lightweight and eye catching they re perfect for cultural events everyday wear or gifting to proud pinays multi colored appro x 2 in x 1 in resin glitter earring hardware
Filipino-Themed Handprinted Scrunchies,"A handmade set of scrunchies featuring original doodle designs inspired by Filipino culture and cuisine. Each piece is sewn from soft, glossy polysatin and printed with playful motifs such as Halo-Halo (a colorful shaved ice dessert), a Philippine flag doodle, and Smiley Itlog (a sunny-side-up egg with a cheerful face). These vibrant accessories are perfect for gifting to the dalagang Pilipina in your life or adding a touch of Pinoy pride to your everyday look.",Multi-Colored,APPRO x . 4 IN diameter (UNSTRETCHED),"Polysatin (100% Polyester), Elastic",filipino themed handprinted scrunchies a handmade set of scrunchies featuring original doodle designs inspired by filipino culture and cuisine each piece is sewn from soft glossy polysatin and printed with playful motifs such as halo halo a colorful shaved ice dessert a philippine flag doodle and smiley itlog a sunny side up egg with a cheerful face these vibrant accessories are perfect for gifting to the dalagang pilipina in your life or adding a touch of pinoy pride to your everyday look multi colored appro x 4 in diameter unstretched polysatin 100 polyester elastic
Pinoy Points: Filipino Points Sticker Set,"A playful set of vinyl stickers designed as colorful tickets featuring popular Tagalog point-based expressions: Pogi Points (handsome points), Ganda Points (pretty points), Pangit Points (ugly points), and Ligtas Points (saved points). These phrases are rooted in Filipino pop culture and humor-Pogi Points was widely used in the 90s-2000s to reward good deeds with “handsome credit,” while Ligtas Points is a meme-worthy metric for judging morally questionable laughter. Each sticker is printed with bold text and whimsical icons, perfect for party decor, journals, laptops, or gifting to your most pogi or least ligtas friends.",Multi-Colored,3 IN x 1.5 IN,"Vinyl, Ink",pinoy points filipino points sticker set a playful set of vinyl stickers designed as colorful tickets featuring popular tagalog point based expressions pogi points handsome points ganda points pretty points pangit points ugly points and ligtas points saved points these phrases are rooted in filipino pop culture and humor pogi points was widely used in the 90s 2000s to reward good deeds with handsome credit while ligtas points is a meme worthy metric for judging morally questionable laughter each sticker is printed with bold text and whimsical icons perfect for party decor journals laptops or gifting to your most pogi or least ligtas friends multi colored 3 in x 1 5 in vinyl ink
Mang Tomas and Banana Ketchup: Filipino Sauces Parody Sticker Set,"A set of vinyl stickers parodying iconic Filipino condiments-Jufran Banana Ketchup and Mang Tomas Lechon Sauce-in a fictional “2024 Filipino Sauce Shortage.” Each sticker features playful bottle illustrations and humorous survival slogans like “I survived the 2024 banana ketchup shortage” and “I survived the 2024 lechon sauce shortage.” Inspired by real-life brand bans in the USA, these fantasy product designs are perfect for party decor, journals, laptops, or gifting to your most sauce-loyal friends.",Multi-Colored,APPRO x . 3 IN x 4 IN,"Vinyl, Ink",mang tomas and banana ketchup filipino sauces parody sticker set a set of vinyl stickers parodying iconic filipino condiments jufran banana ketchup and mang tomas lechon sauce in a fictional 2024 filipino sauce shortage each sticker features playful bottle illustrations and humorous survival slogans like i survived the 2024 banana ketchup shortage and i survived the 2024 lechon sauce shortage inspired by real life brand bans in the usa these fantasy product designs are perfect for party decor journals laptops or gifting to your most sauce loyal friends multi colored appro x 3 in x 4 in vinyl ink
"Toyo, Suka, Patis: Filipino Sauces Parody Sticker Set","A set of 4 × 1.5 in vinyl stickers parodying iconic Filipino pantry staples-Toyo (soy sauce), Suka (vinegar), and Patis (fish sauce). Inspired by real-life Pinoy brands and the recent U.S. import bans, these fantasy product designs feature playful bottle illustrations and Tagalog labels that celebrate Filipino humor and condiment culture. Perfect for party decor, journals, laptops, or gifting to your most sawsawan-obsessed friends.",Multi-Colored,4 IN x 1.5 IN,"Vinyl, Ink",toyo suka patis filipino sauces parody sticker set a set of 4 1 5 in vinyl stickers parodying iconic filipino pantry staples toyo soy sauce suka vinegar and patis fish sauce inspired by real life pinoy brands and the recent u s import bans these fantasy product designs feature playful bottle illustrations and tagalog labels that celebrate filipino humor and condiment culture perfect for party decor journals laptops or gifting to your most sawsawan obsessed friends multi colored 4 in x 1 5 in vinyl ink
Philippine Flag Banner: Sticker Set,"A 6 × 1.5 in vinyl sticker featuring a vertical orientation of the Philippine flag presented as a festive garland. Each flag in the banner showcases the iconic design-blue on top, red below, and a white triangle with a yellow sun and three stars-arranged in a celebratory string format. This sticker is perfect for party decor, planners, laptops, or gifting to proud Pinoys.",Multi-Colored,6 IN x 1.5 IN,"Vinyl, Ink",philippine flag banner sticker set a 6 1 5 in vinyl sticker featuring a vertical orientation of the philippine flag presented as a festive garland each flag in the banner showcases the iconic design blue on top red below and a white triangle with a yellow sun and three stars arranged in a celebratory string format this sticker is perfect for party decor planners laptops or gifting to proud pinoys multi colored 6 in x 1 5 in vinyl ink
Quirky and Witty Coin Purses in Tagalog,"A set of handmade zip coin purses featuring witty Tagalog phrases that capture the humor and hustle of everyday Filipino life. Each pouch is printed with bold, minimalist text on white canvas and includes one of the following designs: Sukli (spare change), Gastos na naman! (when you just spent again), I dasurv nice things (a swardspeak affirmation), walang ipon club (proudly broke, but thriving). These compact pouches are perfect for coins, bills, or small essentials, and make great gifts for your gastadora bestie or dalagang Pilipina with a sense of humor.",White/Black,4.5 IN x 3.74 IN,"Canvas, Ink, Zipper",quirky and witty coin purses in tagalog a set of handmade zip coin purses featuring witty tagalog phrases that capture the humor and hustle of everyday filipino life each pouch is printed with bold minimalist text on white canvas and includes one of the following designs sukli spare change gastos na naman when you just spent again i dasurv nice things a swardspeak affirmation walang ipon club proudly broke but thriving these compact pouches are perfect for coins bills or small essentials and make great gifts for your gastadora bestie or dalagang pilipina with a sense of humor white black 4 5 in x 3 74 in canvas ink zipper
Bawal Umihi Dito - Funny Tagalog Stickers,"A 3 × 3 in vinyl sticker featuring the iconic Filipino warning “Bawal Umihi Dito”-a phrase commonly seen on public walls across the Philippines meaning “No urinating here.” This humorous design comes in two styles: a brick wall background with cursive text, and a highway sign format with bold lettering. It’s a cheeky nod to street culture and everyday Filipino signage, perfect for laptops, journals, water bottles, or gifting to friends with a sense of humor.",Multi-Colored,3 IN x 3 IN,"Vinyl, Ink",bawal umihi dito funny tagalog stickers a 3 3 in vinyl sticker featuring the iconic filipino warning bawal umihi dito a phrase commonly seen on public walls across the philippines meaning no urinating here this humorous design comes in two styles a brick wall background with cursive text and a highway sign format with bold lettering it s a cheeky nod to street culture and everyday filipino signage perfect for laptops journals water bottles or gifting to friends with a sense of humor multi colored 3 in x 3 in vinyl ink
Jollibee Fan Art Sticker,"A 3.5-in vinyl sticker featuring Jollibee -a playful fan art rendition of Jollibee in YourCoolNinang’s signature art style. This cartoon-style bee character dons a red tuxedo and black bow tie, radiating charm and Filipino fast-food nostalgia. Perfect for laptops, journals, water bottles, or gifting to fellow Jollibee fans.",Multi-Colored,3.5 IN x 3.5 IN,"Vinyl, Ink",jollibee fan art sticker a 3 5 in vinyl sticker featuring jollibee a playful fan art rendition of jollibee in yourcoolninang s signature art style this cartoon style bee character dons a red tuxedo and black bow tie radiating charm and filipino fast food nostalgia perfect for laptops journals water bottles or gifting to fellow jollibee fans multi colored 3 5 in x 3 5 in vinyl ink
Jeepney Lakwatsa Filipino Sticker (STK-JPN-001),"A 3 × 3 in vinyl sticker featuring a stylized illustration of a Filipino jeepney-a beloved and colorful form of public transportation in the Philippines. The design includes the word “Lakwatsa” on the signboard, a Tagalog slang term meaning galavanting or going out for fun. With vibrant colors and a playful layout, this sticker celebrates Pinoy street culture and wanderlust. Perfect for laptops, journals, water bottles, or gifting to your most lakwatsera friends.",Multi-Colored,3 IN x 3 IN,"Vinyl, Ink",jeepney lakwatsa filipino sticker stk jpn 001 a 3 3 in vinyl sticker featuring a stylized illustration of a filipino jeepney a beloved and colorful form of public transportation in the philippines the design includes the word lakwatsa on the signboard a tagalog slang term meaning galavanting or going out for fun with vibrant colors and a playful layout this sticker celebrates pinoy street culture and wanderlust perfect for laptops journals water bottles or gifting to your most lakwatsera friends multi colored 3 in x 3 in vinyl ink
Philippine Flag Ice Cream Popsicle Sticker,"A 3.5 × 1.75 in vinyl sticker featuring a playful ice cream popsicle design inspired by the Philippine flag. This street food-themed illustration blends national pride with summer vibes, showcasing the flag’s iconic blue, red, white, and yellow elements-complete with the sun and three stars. Perfect for planners, laptops, water bottles, or gifting to proud Pinoys with a sweet tooth.","Red, Blue, Yellow, White",3.5 IN x 1.75 IN,"Vinyl, Ink",philippine flag ice cream popsicle sticker a 3 5 1 75 in vinyl sticker featuring a playful ice cream popsicle design inspired by the philippine flag this street food themed illustration blends national pride with summer vibes showcasing the flag s iconic blue red white and yellow elements complete with the sun and three stars perfect for planners laptops water bottles or gifting to proud pinoys with a sweet tooth red blue yellow white 3 5 in x 1 75 in vinyl ink
Philippine Flag-Inspired Badge Reel ID Holder,"A set of handmade badge reels featuring Philippine flag-inspired designs-perfect for healthcare workers and professionals who want to display Filipino pride in a subtle yet stylish way. These ID holders come in various shapes including pixel hearts, stethoscopes, scrubs, and classic rounds, all incorporating the flag’s iconic blue, red, white, and yellow elements. Whether you're trying to spot fellow Pinoys at work or simply want to add cultural flair to your uniform, these resin-crafted reels are sleek enough to meet dress codes while loud enough to spark joy.","Red, Blue, Yellow, White",APPRO x . 1.75 IN x 1.75 IN,Resin,philippine flag inspired badge reel id holder a set of handmade badge reels featuring philippine flag inspired designs perfect for healthcare workers and professionals who want to display filipino pride in a subtle yet stylish way these id holders come in various shapes including pixel hearts stethoscopes scrubs and classic rounds all incorporating the flag s iconic blue red white and yellow elements whether you re trying to spot fellow pinoys at work or simply want to add cultural flair to your uniform these resin crafted reels are sleek enough to meet dress codes while loud enough to spark joy red blue yellow white appro x 1 75 in x 1 75 in resin
Sphere Arras Arrhae Unity Wedding Coins for Filipino Wedding Ceremony,"A handcrafted 2.5-in spherical wire container designed to hold Filipino wedding unity coins, also known as Arras or Arrae. Made in the Philippines, this elegant piece features intricate metalwork and includes genuine Philippine peso coins electroplated in silver or gold for a radiant finish. Traditionally used in Filipino Catholic weddings to symbolize shared prosperity, this unity element can be beautifully incorporated into any ceremony-religious or secular-as a gesture of cultural pride and commitment. Perfect for couples honoring Filipino heritage in their wedding rituals.",Silver/Gold,2.5 IN diameter,"Metal Wire, Electroplated Philippine Peso Coins",sphere arras arrhae unity wedding coins for filipino wedding ceremony a handcrafted 2 5 in spherical wire container designed to hold filipino wedding unity coins also known as arras or arrae made in the philippines this elegant piece features intricate metalwork and includes genuine philippine peso coins electroplated in silver or gold for a radiant finish traditionally used in filipino catholic weddings to symbolize shared prosperity this unity element can be beautifully incorporated into any ceremony religious or secular as a gesture of cultural pride and commitment perfect for couples honoring filipino heritage in their wedding rituals silver gold 2 5 in diameter metal wire electroplated philippine peso coins
"3"" Handmade Capiz Ornaments - Star, Heart & Poinsettia Filipino Christmas Carols","A 3-in handmade ornament crafted from authentic Capiz shells, shaped into a playful Tala Star design. Lovingly made in Pampanga-the Christmas and Lantern Capital of the Philippines-this shimmering piece captures the spirit of Filipino holiday traditions. Whether hung on a tree, displayed in a window, or gifted as a keepsake, each ornament adds a twinkling touch of cultural charm to your decor. Also available in 5-in variations and mini parol styles like hearts and poinsettias.",Translucent White/Gold,3 IN diameter,"Capiz Shell, Metal Frame",3 handmade capiz ornaments star heart poinsettia filipino christmas carols a 3 in handmade ornament crafted from authentic capiz shells shaped into a playful tala star design lovingly made in pampanga the christmas and lantern capital of the philippines this shimmering piece captures the spirit of filipino holiday traditions whether hung on a tree displayed in a window or gifted as a keepsake each ornament adds a twinkling touch of cultural charm to your decor also available in 5 in variations and mini parol styles like hearts and poinsettias translucent white gold 3 in diameter capiz shell metal frame
"5"" Handmade Capiz Star Parol Chime with Gold Heart Frame & Cascading Discs - Filipino Christmas Ornament","Celebrate the warmth and wonder of Pasko with this 5-in handcrafted Capiz Mini Parol Chime, a luminous keepsake rooted in Filipino tradition and artisan craft. Made in Pampanga-the Christmas and Lantern Capital of the Philippines-each ornament features a five-point star parol framed in gold metal with hand-formed swirls, symbolizing hope, faith, and the enduring Filipino spirit. Cascading capiz discs below create a gentle, calming chime that evokes seaside serenity and the glow of lanterns guiding families home during Simbang Gabi. Hang it by your window, mantel, or tree to bring shimmer, heritage, and holiday joy into your space. Also available in 3-in Pasko ornaments and other 5-in designs.",Translucent White/Gold,5 IN diameter WITH CASCADING TAILS,"Capiz Shell, Metal Frame",5 handmade capiz star parol chime with gold heart frame cascading discs filipino christmas ornament celebrate the warmth and wonder of pasko with this 5 in handcrafted capiz mini parol chime a luminous keepsake rooted in filipino tradition and artisan craft made in pampanga the christmas and lantern capital of the philippines each ornament features a five point star parol framed in gold metal with hand formed swirls symbolizing hope faith and the enduring filipino spirit cascading capiz discs below create a gentle calming chime that evokes seaside serenity and the glow of lanterns guiding families home during simbang gabi hang it by your window mantel or tree to bring shimmer heritage and holiday joy into your space also available in 3 in pasko ornaments and other 5 in designs translucent white gold 5 in diameter with cascading tails capiz shell metal frame
Philippines Capiz Reversible Circle Necklace Pendant,"A handcrafted pendant necklace inspired by traditional Filipino capiz windows (ventanas), designed and made in the Philippines by skilled artisans from Negros Island with 15-25 years of experience in shell and wood carving. The reversible pendant features locally sourced capiz shells from Hinigaran, Negros-one side polished smooth, the other etched with a quadrant window pattern crafted from hagnaya vine, a native Philippine fern. Suspended on an 18-in stainless steel gold-plated chain with a 2-in extender, this lightweight piece celebrates heritage, craftsmanship, and individuality. Each necklace carries intentional imperfections-variations in cut, color, and texture-making every piece uniquely yours.",White/Gold/Wood Tones,"PENDANT: APPRO x . 15 IN diameter, CHAIN: 18 IN + 2 IN E x TENDER","Capiz Shell, Hagnaya Vine, Gold-Plated Stainless Steel",philippines capiz reversible circle necklace pendant a handcrafted pendant necklace inspired by traditional filipino capiz windows ventanas designed and made in the philippines by skilled artisans from negros island with 15 25 years of experience in shell and wood carving the reversible pendant features locally sourced capiz shells from hinigaran negros one side polished smooth the other etched with a quadrant window pattern crafted from hagnaya vine a native philippine fern suspended on an 18 in stainless steel gold plated chain with a 2 in extender this lightweight piece celebrates heritage craftsmanship and individuality each necklace carries intentional imperfections variations in cut color and texture making every piece uniquely yours white gold wood tones pendant appro x 15 in diameter chain 18 in 2 in e x tender capiz shell hagnaya vine gold plated stainless steel
Philippine Capiz Crescent Stud Earrings,"A pair of 1.25-in crescent-shaped stud earrings handcrafted from locally sourced capiz shells in Hinigaran, Negros. Each shell is carefully cleaned and roasted to achieve a warm, natural glow, then shaped by artisans with 15-25 years of experience in traditional Filipino shell and wood crafting. The crescent design is inspired by the curved elegance of capiz windows, reflecting heritage and individuality. Mounted on stainless steel gold-plated hardware, these earrings are lightweight and perfect for everyday wear. Each piece features intentional imperfections-variations in cut, color, and texture-that highlight the organic beauty and story of Filipino craftsmanship.",Translucent White/Gold,1.25 IN diameter,"Capiz Shell, Gold-Plated Stainless Steel",philippine capiz crescent stud earrings a pair of 1 25 in crescent shaped stud earrings handcrafted from locally sourced capiz shells in hinigaran negros each shell is carefully cleaned and roasted to achieve a warm natural glow then shaped by artisans with 15 25 years of experience in traditional filipino shell and wood crafting the crescent design is inspired by the curved elegance of capiz windows reflecting heritage and individuality mounted on stainless steel gold plated hardware these earrings are lightweight and perfect for everyday wear each piece features intentional imperfections variations in cut color and texture that highlight the organic beauty and story of filipino craftsmanship translucent white gold 1 25 in diameter capiz shell gold plated stainless steel
Philippine Indigenous Linulid Brass Earings,"Add a dash of cultural flair to your style with these Linulid Brass Earrings, proudly handcrafted by the Tboli brass-casters of Lake Sebu, South Cotabato. Each 3.5-in piece is made from upcycled brass objects, shaped through the traditional art of Temwel-a centuries-old brass casting technique. The design draws inspiration from the bluko motif and honors the lumulid process, where artisans roll wax to form intricate molds. These earrings are not just accessories-they’re wearable stories of transformation, heritage, and Filipino Indigenous artistry.",Antique Brass,3.5 IN LENGTH,"Upcycled Brass, Brass Hooks",philippine indigenous linulid brass earings add a dash of cultural flair to your style with these linulid brass earrings proudly handcrafted by the tboli brass casters of lake sebu south cotabato each 3 5 in piece is made from upcycled brass objects shaped through the traditional art of temwel a centuries old brass casting technique the design draws inspiration from the bluko motif and honors the lumulid process where artisans roll wax to form intricate molds these earrings are not just accessories they re wearable stories of transformation heritage and filipino indigenous artistry antique brass 3 5 in length upcycled brass brass hooks
Philippine Lila Pearl Earrings,"More than a piece of jewelry, the Lila Pearl Earrings tell the story of the Philippine islands and flowers by the sea. handcrafted by Filipino women artisans across the archipelago, each pair features silk organza flowers with brass caps, paired with baroque South Sea pearls locally sourced from Cebu City. The earrings are mounted on stainless steel gold-plated hardware and measure 2 in in length-lightweight and elegant for all-day wear. Every piece carries intentional imperfections, celebrating the organic beauty of nature and the individuality of handmade craft. These earrings are a joyful addition to any Filipino jewelry collection and a tribute to heritage, femininity, and coastal charm.",Gold/White/Cream,2 IN LENGTH,"Pearl, Baroque Pearl, Freshwater Pearls, Silk Organza, Brass, Stainless Steel",philippine lila pearl earrings more than a piece of jewelry the lila pearl earrings tell the story of the philippine islands and flowers by the sea handcrafted by filipino women artisans across the archipelago each pair features silk organza flowers with brass caps paired with baroque south sea pearls locally sourced from cebu city the earrings are mounted on stainless steel gold plated hardware and measure 2 in in length lightweight and elegant for all day wear every piece carries intentional imperfections celebrating the organic beauty of nature and the individuality of handmade craft these earrings are a joyful addition to any filipino jewelry collection and a tribute to heritage femininity and coastal charm gold white cream 2 in length pearl baroque pearl freshwater pearls silk organza brass stainless steel
Philippine Indigenous Olo Spiral Brass Ring,"A handcrafted spiral brass ring designed by Tboli brass-casters from Lake Sebu, South Cotabato, using the traditional art of Kemteng-a process that involves heating and pulling brass wire to form elegant spirals. Each ring is made from upcycled brass sourced from local junk shops, transformed into wearable art that honors Tboli folklore, nature, and craftsmanship. The spirals can be gently stretched for a more dramatic effect, though they will not return to their original shape. Rings are produced in small batches to preserve quality and individuality, with intentional imperfections that reflect the handmade nature of each piece.",Antique Brass,US RING SIZES 5-6,Upcycled Brass,philippine indigenous olo spiral brass ring a handcrafted spiral brass ring designed by tboli brass casters from lake sebu south cotabato using the traditional art of kemteng a process that involves heating and pulling brass wire to form elegant spirals each ring is made from upcycled brass sourced from local junk shops transformed into wearable art that honors tboli folklore nature and craftsmanship the spirals can be gently stretched for a more dramatic effect though they will not return to their original shape rings are produced in small batches to preserve quality and individuality with intentional imperfections that reflect the handmade nature of each piece antique brass us ring sizes 5 6 upcycled brass
